[マッチ箇所]	No	場所	ファイル名	最終更新日時	行	列	位置	検索文字列	行テキスト	備考
マッチ	1	cyokka_jisseki2\model\	CyokkaJissekiDispModel.php	2021/03/02 08:58:49	191	41		'C1'	                    AND cd_genka_yoso = 'C1'	
マッチ	2	cyokka_jisseki2\model\	CyokkaJissekiDispModel.php	2021/03/02 08:58:49	203	41		'C1'	                    AND cd_genka_yoso = 'C1'	
マッチ	3	cyokka_jisseki2\model\	CyokkaJissekiDispModel.php	2021/03/02 08:58:49	217	41		'C1'	                    AND cd_genka_yoso = 'C1'	
マッチ	4	cyokka_jisseki2\model\	TougetuCyokkaDispModel.php	2021/03/02 08:57:52	187	37		'C1'	                AND cd_genka_yoso = 'C1'	
マッチ	5	fukayama_kanri2\model\	FukayamaInfDispModel.php	2021/03/02 08:56:42	276	41		'C1'	                        cd_genka_yoso = 'C1'	
マッチ	6	fukayama_kanri2\model\	FukayamaInfDispModel.php	2021/03/02 08:56:42	305	37		'C1'	                    cd_genka_yoso = 'C1'	
マッチ	7	kanri_data2\model\kanriCyunyuMikomi\	KanriCyunyuMikomiExcelModel.php	2021/03/02 08:54:30	108	70		'C1'	                SUM(CASE WHEN dt_kanjyo = :date1 AND cd_genka_yoso = 'C1' THEN yn_cyokka ELSE 0 END) AS B1,	
マッチ	8	kanri_data2\model\kanriCyunyuMikomi\	KanriCyunyuMikomiExcelModel.php	2021/03/02 08:54:30	112	70		'C1'	                SUM(CASE WHEN dt_kanjyo = :date2 AND cd_genka_yoso = 'C1' THEN yn_cyokka ELSE 0 END) AS B2,	
マッチ	9	kanri_data2\model\kanriCyunyuMikomi\	KanriCyunyuMikomiExcelModel.php	2021/03/02 08:54:30	116	70		'C1'	                SUM(CASE WHEN dt_kanjyo = :date3 AND cd_genka_yoso = 'C1' THEN yn_cyokka ELSE 0 END) AS B3,	
マッチ	10	kanri_data2\model\kanriCyunyuMikomi\	KanriCyunyuMikomiExcelModel.php	2021/03/02 08:54:30	120	70		'C1'	                SUM(CASE WHEN dt_kanjyo = :date4 AND cd_genka_yoso = 'C1' THEN yn_cyokka ELSE 0 END) AS B4,	
マッチ	11	kanri_data2\model\kanriCyunyuMikomi\	KanriCyunyuMikomiExcelModel.php	2021/03/02 08:54:30	124	70		'C1'	                SUM(CASE WHEN dt_kanjyo = :date5 AND cd_genka_yoso = 'C1' THEN yn_cyokka ELSE 0 END) AS B5,	
マッチ	12	kanri_data2\model\kanriCyunyuMikomi\	KanriCyunyuMikomiExcelModel.php	2021/03/02 08:54:30	128	70		'C1'	                SUM(CASE WHEN dt_kanjyo = :date6 AND cd_genka_yoso = 'C1' THEN yn_cyokka ELSE 0 END) AS B6,	
マッチ	13	kanri_data2\model\kanriTqm\	KanriTqmExcelModel.php	2021/03/02 08:54:18	213	45		'C1'	                        AND cd_genka_yoso = 'C1'	
マッチ	14	kanri_data2\model\kanriUriageKanri\	KanriUriageKanriExcelModel.php	2021/03/02 10:34:35	153	148		'C1'	                ( select COALESCE(sum( c.chunyu_mny ),0) from orafdw.tpal0220 c where c.chuban = a.chuban and c.koban = a.koban and  c.himoku_cd = 'C1' )/ :tanka tm_cyokka,	
マッチ	15	kanri_data2\model\kanriUriageKanri\	KanriUriageKanriExcelModel.php	2021/03/02 10:34:35	154	148		'C1'	                ( select COALESCE(sum( c.chunyu_mny ),0) from orafdw.tpal0220 c where c.chuban = a.chuban and c.koban = a.koban and  c.himoku_cd = 'C1' )/1000.0 yn_kako,	
マッチ	16	my_page2\model\	MyPageDispSeibanModel.php	2021/03/02 08:51:34	55	41		'C1'	                    AND cd_genka_yoso = 'C1' 	
マッチ	17	my_page2\model\	MyPageDispSeibanModel.php	2021/03/02 08:51:34	76	41		'C1'	                    AND cd_genka_yoso = 'C1' 	
マッチ	18	my_page2\model\	MyPageDispSeibanModel.php	2021/03/02 08:51:34	88	41		'C1'	                    AND cd_genka_yoso = 'C1' 	
マッチ	19	my_page2\model\	MyPageDispWfModel.php	2021/03/02 08:50:05	54	45		'C1'	                        AND cd_genka_yoso = 'C1'	
マッチ	20	seiban_kanri2\model\	CyubanSonekiExcelControllerModel.php	2021/03/02 08:47:22	109	35		'C1'	            if ($cd_genka_yoso == 'C1') {	
マッチ	21	seiban_kanri2\model\	CyubanSonekiExcelReadModel.php	2021/03/02 08:44:13	312	26		'C1'	                    WHEN 'C1' THEN nm_cyunyu	
マッチ	22	seiban_kanri2\model\	CyubanSonekiExcelReadModel.php	2021/03/02 08:44:13	317	26		'C1'	                    WHEN 'C1' THEN yn_money 	
マッチ	23	seiban_kanri2\model\	CyubanSonekiExcelReadModel.php	2021/03/02 08:44:13	329	26		'C1'	                    WHEN 'C1' THEN nm_tanto 	
マッチ	24	seiban_kanri2\model\	CyunyuInfDispControllerModel.php	2021/03/02 08:44:04	367	22		'C1'	                case 'C1':	
マッチ	25	seiban_kanri2\model\	CyunyuInfDispMntModel.php	2021/03/02 08:40:12	444	49		'C1'	        $yn_tankas[0] = $post->cd_genka_yoso == 'C1' ?	
マッチ	26	seiban_kanri2\model\	CyunyuInfDispMntModel.php	2021/03/02 08:40:12	449	49		'C1'	        $yn_tankas[1] = $post->cd_genka_yoso == 'C1' ?	
マッチ	27	seiban_kanri2\model\	CyunyuInfDispMntModel.php	2021/03/02 08:40:12	466	63		'C1'	                $items['tm_cyokka'] = $post->cd_genka_yoso == 'C1' ?	
マッチ	28	seiban_kanri2\model\	CyunyuInfDispMntModel.php	2021/03/02 08:40:12	469	63		'C1'	                $items['yn_cyokka'] = $post->cd_genka_yoso == 'C1' ?	
マッチ	29	seiban_kanri2\model\	CyunyuInfDispMntModel.php	2021/03/02 08:40:12	554	40		'C1'	            || $post->cd_genka_yoso != 'C1'	
マッチ	30	seiban_kanri2\model\	KobanSonekiDispCyubanModel.php	2021/03/02 08:36:32	222	41		'C1'	                    AND cd_genka_yoso = 'C1' 	
マッチ	31	seiban_kanri2\model\	KobanSonekiDispProjectModel.php	2021/03/02 08:35:38	323	37		'C1'	                    cd_genka_yoso = 'C1' 	
マッチ	32	seiban_kanri2\template\	cyunyu_inf_template.php	2021/03/02 11:31:29	210	140		'C1'	                <input type="radio" name="cd_genka_yoso" id="r<?= $i; ?>" value="<?= $key; ?>" onClick="sel_youso(this)" <?php if ($key == 'C1') {echo 'checked';} ?> required>	
マッチ	33	seiban_kanri2\template\	cyunyu_inf_template.php	2021/03/02 11:31:29	364	18		'C1'	            case 'C1':	
マッチ	34	seiban_kanri2\template\	cyunyu_inf_template.php	2021/03/02 11:31:29	393	30		'C1'	        if (cd_genka_yoso == 'C1') {	
マッチ	35	seiban_kanri2\template\	cyunyu_inf_template.php	2021/03/02 11:31:29	455	14		'C1'	        case 'C1':	
マッチ	36	seiban_keikaku2\model\	CyokkaTantoDispModel.php	2021/03/02 08:29:14	270	41		'C1'	                    AND cd_genka_yoso = 'C1'	
マッチ	37	seiban_keikaku2\model\	SeibanKeikakuDispModel.php	2021/03/02 08:26:34	176	52		'C1'	        $cd_genka_yoso = ($fg_all == '1') ? null : 'C1';	
マッチ	38	uriage_kanri\model\	UriageJyusokuDispModel.php	2021/03/02 10:32:44	118	35		'C1'	                WHERE himoku_cd = 'C1'	
マッチ	39	_mvc\Concerto\database\	CyunyuInfData.php	2021/03/02 08:18:08	66	50		'C1'	    private $cd_genka_yoso_list = ['A' => '直材費', 'C1' => '直課費', 'C' => '経費'];	
マッチ	40	_mvc\Concerto\database\	CyunyuKeikakuData.php	2021/03/02 08:01:02	153	37		'C1'	        if ($this->cd_genka_yoso == 'C1') {	
マッチ	41	_mvc\Concerto\database\	SeibanTanto.php	2021/03/02 08:00:24	55	36		'C1'	            WHERE (cd_genka_yoso = 'C1'	
マッチ	42	_mvc\Concerto\test\filesysytem\	WorkDirTest.php	2020/10/13 14:12:04	69	17		'c1'	                'c1' => 'data c',	
マッチ	43	_mvc\Concerto\test\ROOT\	ValidateTest.php	2021/03/02 08:22:20	387	14		'C1'	            ['C1'],	
マッチ	44	_task\symphony\repository\	CyunyuInfACRepository.php	2021/03/02 10:30:30	24	34		'C1'	            AND cd_genka_yoso != 'C1'	
マッチ	45	_task\symphony\repository\	CyunyuInfACRepository.php	2021/03/02 10:30:30	122	36		'C1'	                WHERE himoku_cd != 'C1'	
マッチ	46	_task\symphony\repository\	CyunyuInfBRepository.php	2021/03/02 10:28:42	24	33		'C1'	            AND cd_genka_yoso = 'C1'	
マッチ	47	_task\symphony\repository\	CyunyuInfBRepository.php	2021/03/02 10:28:42	92	35		'C1'	                WHERE himoku_cd = 'C1'	
マッチ	48	_task\symphony\repository\	Tpal0220Repository.php	2021/04/09 09:18:10	49	45		'C1'	                WHEN B.himoku_cd = 'B' THEN 'C1'	


